GPe_OI_spikes;GPe_OI_LFP;STN_OI_spikes;STN_OI_LFP;GPi_OI_spikes;GPi_OI_LFP
0.11681844055240112;0.1584541360448061;0.11152041465823366;0.23624543510870688;0.12589365900869062;0.17925092997517644
