GPe_FFspikes;STN_FFspikes;GPi_FFspikes
2.4905958115183253;1.1800444444444445;1.6858126984126989
