GPe_power_spikes;GPe_power_LFP;STN_power_spikes;STN_power_LFP;GPi_power_spikes;GPi_power_LFP
5.8484626949112865e+114;4.8548183697208171e+169;2.9285216403726257e+71;6.1039416957167168e+195;1.7626598712131368e+87;3.2404390661823211e+160
